{"val_accuracy": 53.29999923706055, "val_loss": 1.2055662870407104}